商品名・メーカー名検索,メーカー名,商品名,羽田限定,東京限定,金額,入数,仏事,日持ち,おもたせ,取り扱い店舗
アイル,アイル,東京カンパネラ,0,0,0,0,0,0,0,-
東京ｶﾝﾊﾟﾈﾗ,アイル,東京ｶﾝﾊﾟﾈﾗ,0,1,1750,10,0,1,1,ピア１、ピア４、洋菓子館、スマイルトーキョー、東京食賓館A、東京食賓館B
東京ｶﾝﾊﾟﾈﾗ,アイル,東京ｶﾝﾊﾟﾈﾗ,0,1,2800,16,0,1,1,ピア１、ピア５、洋菓子館、スマイルトーキョー、東京食賓館A、東京食賓館B
東京ｶﾝﾊﾟﾈﾗ,アイル,東京ｶﾝﾊﾟﾈﾗ,0,1,4200,24,0,1,1,ピア１、ピア６、洋菓子館、スマイルトーキョー、東京食賓館A、東京食賓館B
赤坂柿山,赤坂柿山,あ・ら・かしこ、柿山セレクト,0,0,0,0,0,0,0,-
あ・ら・かしこ,赤坂柿山,あ・ら・かしこ,0,0,2160,36,1,1,1,ピア１、東京賓館A
あ・ら・かしこ,赤坂柿山,あ・ら・かしこ,0,0,1620,28,1,1,1,ピア１、東京賓館A
あ・ら・かしこ,赤坂柿山,あ・ら・かしこ,0,0,1080,18,1,1,1,ピア１、東京賓館A
柿山セレクト,赤坂柿山,柿山セレクト,0,0,1620,17,1,1,1,ピア１、東京賓館A
柿山セレクト,赤坂柿山,柿山セレクト,0,0,2160,27,1,1,1,ピア１、東京賓館A
柿山セレクト,赤坂柿山,柿山セレクト,0,0,3240,44,1,1,1,ピア１、東京賓館A
曙,曙,味の民芸、それぞれ、二十四節花,0,0,0,0,0,0,0,-
味の民芸,曙,味の民芸,0,0,702,12,1,1,1,ピア１、東京賓館A
味の民芸,曙,味の民芸,0,0,1620,22,1,1,1,ピア１、東京賓館A
味の民芸,曙,味の民芸,0,0,2160,33,1,1,1,ピア１、東京賓館A
それぞれ,曙,それぞれ,0,0,3240,18,1,1,1,ピア１、東京賓館A
それぞれ,曙,それぞれ,0,0,5400,24,1,1,1,ピア１、東京賓館A
二十四節花,曙,二十四節花,0,0,1404,36,0,1,1,ピア１、東京賓館A
浅草中村屋,浅草中村屋,浅草こげ煎,0,0,0,0,0,0,0,-
浅草こげ煎,浅草中村屋,浅草こげ煎,0,0,2376,48,1,1,1,ピア１、東京食賓館３、ピア４、スマイルトーキョー
浅草こげ煎,浅草中村屋,浅草こげ煎,0,0,1188,24,1,1,1,ピア１、東京食賓館３、ピア４、スマイルトーキョー
ありあけ,ありあけ,ありあけハーバーダブルマロン,0,0,0,0,0,0,0,-
ありあけハーバーダブルマロン,ありあけ,ありあけハーバーダブルマロン,0,0,1155,8,0,1,0,トラベルアイル、デリーツ
麻布かりんと,麻布かりんと,かりんとパレット,0,0,0,0,0,0,0,-
かりんとパレット,麻布かりんと,かりんとパレット,0,0,972,6,0,1,0,ピア１、ピア４、デリーツ
かりんとパレット,麻布かりんと,かりんとパレット,0,0,1512,8,0,1,1,ピア１、ピア４、デリーツ
アニバーサリー,アニバーサリー,お絵かきマカロン,0,0,0,0,0,0,0,-
お絵かきマカロン,アニバーサリー,お絵かきマカロン,1,1,1404,5,0,1,1,ピア４、スマイルトーキョー
アンドザフリット,アンドザフリット,ドライフリット,0,0,0,0,0,0,0,-
ドライフリット,アンドザフリット,ドライフリット,0,0,450,1,0,1,0,洋菓子館
ドライフリット,アンドザフリット,ドライフリット,0,0,1400,5,0,1,1,洋菓子館
ドライフリット,アンドザフリット,ドライフリット,0,0,2600,10,0,1,1,洋菓子館
入船堂,入船堂,草加煎餅、ぬれせん、ひとくち,0,0,0,0,0,0,0,-
草加煎餅,入船堂,草加煎餅,0,0,1080,16,0,1,1,ピア４、東京食賓館B
草加煎餅,入船堂,草加煎餅,0,0,1620,24,0,1,1,ピア４、東京食賓館B
ぬれせん,入船堂,ぬれせん,0,0,432,5,0,1,0,ピア４、東京食賓館B
銚子電鉄のぬれせん,入船堂,銚子電鉄のぬれせん,0,0,432,5,0,1,0,ピア４、東京食賓館B
ひとくち,入船堂,ひとくち,0,0,540,18,0,1,0,ピア４、東京食賓館B
ひとくち,入船堂,ひとくち,0,0,1080,32,1,1,1,ピア４、東京食賓館B
ひとくち,入船堂,ひとくち,0,0,1620,48,1,1,1,ピア４、東京食賓館B
ヴィタメール,ヴィタメール,マカダミアショコラ,0,0,0,0,0,0,0,-
マカダミアショコラ,ヴィタメール,マカダミアショコラ,0,0,3240,24,0,1,1,洋菓子館
マカダミアショコラ,ヴィタメール,マカダミアショコラ,0,0,1188,8,0,1,1,洋菓子館
上野風月堂,上野風月堂,プティゴーフル、東京カラメリゼ,0,0,0,0,0,0,0,-
プティゴーフル,上野風月堂,プティゴーフル,0,0,540,6,0,1,0,ピア１、東京食賓館３、ピア４、スマイルトーキョー、東京食賓館A
プティゴーフル,上野風月堂,プティゴーフル,0,0,1080,12,0,1,1,ピア１、東京食賓館３、ピア４、スマイルトーキョー、東京食賓館A
東京カラメリゼ,上野風月堂,東京カラメリゼ,0,1,1080,24,0,1,1,ピア１、東京食賓館３、ピア４、スマイルトーキョー、東京食賓館A
東京カラメリゼ,上野風月堂,東京カラメリゼ,0,1,540,12,0,1,0,ピア１、東京食賓館３、ピア４、スマイルトーキョー、東京食賓館A
栄太楼總本舗,栄太楼總本舗,栄太楼飴、名代金鍔、東京ピーセン,0,0,0,0,0,0,0,-
栄太楼飴,栄太楼總本舗,栄太楼飴,0,0,464,12,0,1,0,和菓子館、東京食賓館B
名代金鍔,栄太楼總本舗,名代金鍔,0,0,1004,3,1,1,1,和菓子館、東京食賓館B
名代金鍔,栄太楼總本舗,名代金鍔,0,0,1836,6,1,1,1,和菓子館、東京食賓館B
黒豆大福,栄太楼總本舗,黒豆大福,0,0,250,1,0,0,0,和菓子館、東京食賓館B
東京ピーセン,栄太楼總本舗,東京ピーセン,0,0,756,6,0,1,1,ピア１、ピア４、スマイルトーキョー
東京ピーセン,栄太楼總本舗,東京ピーセン,0,0,1080,9,0,1,1,ピア１、ピア４、スマイルトーキョー
東京ピーセン,栄太楼總本舗,東京ピーセン,0,0,1944,15,0,1,1,ピア１、ピア４、スマイルトーキョー
越前海鮮倶楽部,越前海鮮倶楽部,東京から揚げせんべい,0,0,,,0,1,1,ピア１、ピア４、スマイルトーキョー、東京食賓館A
東京から揚げせんべい,越前海鮮倶楽部,東京から揚げせんべい,0,1,1382,2,0,1,1,ピア１、ピア４、スマイルトーキョー、東京食賓館A
叶匠壽庵,叶匠壽庵,あも、羽雲,0,0,,,0,0,1,和菓子館、金の翼
あも,叶匠壽庵,あも,0,0,1296,1,0,0,1,和菓子館、金の翼
羽雲,叶匠壽庵,羽雲,1,1,1188,5,0,1,1,ピア１、ピア４、和菓子館、スマイルトーキョー、東京食賓館A、東京食賓館B
羽雲,叶匠壽庵,羽雲,1,1,2376,10,0,1,1,ピア１、ピア４、和菓子館、スマイルトーキョー、東京食賓館A、東京食賓館B
かみなり舎,かみなり舎,ﾆｭｰﾖｰｸﾊﾟｰﾌｪｸﾄﾁｰｽﾞ,0,0,0,0,0,0,0,-
ﾆｭｰﾖｰｸﾊﾟｰﾌｪｸﾄﾁｰｽﾞ,かみなり舎,ﾆｭｰﾖｰｸﾊﾟｰﾌｪｸﾄﾁｰｽﾞ,0,1,775,5,0,1,1,洋菓子館
ﾆｭｰﾖｰｸﾊﾟｰﾌｪｸﾄﾁｰｽﾞ,かみなり舎,ﾆｭｰﾖｰｸﾊﾟｰﾌｪｸﾄﾁｰｽﾞ,0,1,1080,8,0,1,1,洋菓子館
ﾆｭｰﾖｰｸﾊﾟｰﾌｪｸﾄﾁｰｽﾞ,かみなり舎,ﾆｭｰﾖｰｸﾊﾟｰﾌｪｸﾄﾁｰｽﾞ,0,1,1620,12,0,1,1,洋菓子館
ﾆｭｰﾖｰｸﾊﾟｰﾌｪｸﾄﾁｰｽﾞ,かみなり舎,ﾆｭｰﾖｰｸﾊﾟｰﾌｪｸﾄﾁｰｽﾞ,0,1,2430,18,0,1,1,洋菓子館
亀十,亀十,どら焼き,0,0,0,0,0,0,0,-
亀十のどら焼き,亀十,どら焼き,0,1,280,1,0,0,1,ピア１、ピア４、スマイルトーキョー、東京食賓館A
クラブハリエ,クラブハリエ,バームクーヘン,0,0,0,0,0,0,0,-
クラブハリエのバームクーヘン,クラブハリエ,バームクーヘン,0,0,2592,1,0,0,1,金の翼
クラブハリエのバームクーヘン,クラブハリエ,バームクーヘン,0,0,3780,1,0,0,1,金の翼
黒船,黒船,カステラ,0,0,0,0,0,0,0,-
黒船のｶｽﾃﾗ,黒船,カステラ,0,1,1512,1,0,0,1,金の翼、東京食賓館A
桂新堂,桂新堂,東京もんじゃ焼きえびせんべい,0,0,,,0,1,1,スマイルトーキョー
東京もんじゃ焼きえびせんべい,桂新堂,東京もんじゃ焼きえびせんべい,0,1,780,6,0,1,1,スマイルトーキョー
東京もんじゃ焼きえびせんべい,桂新堂,東京もんじゃ焼きえびせんべい,0,1,1300,10,0,1,1,スマイルトーキョー
めんべい,-,めんべい,0,0,540,8,0,1,1,トラベルアイル、デリーツ
ｺﾛﾝﾊﾞﾝ,ｺﾛﾝﾊﾞﾝ,原宿焼きｼｮｺﾗ,0,0,0,0,0,0,0,-
原宿焼きｼｮｺﾗ,ｺﾛﾝﾊﾞﾝ,原宿焼きｼｮｺﾗ,0,1,1188,12,0,1,1,スマイルトーキョー
資生堂ﾊﾟｰﾗｰ,資生堂ﾊﾟｰﾗｰ,ﾁｰｽﾞｹｰｷ、花椿ﾋﾞｽｹｯﾄ、羽田ﾗ・ｶﾞﾅｯｼｭ,0,0,0,0,0,0,0,-
ﾁｰｽﾞｹｰｷ,資生堂ﾊﾟｰﾗｰ,ﾁｰｽﾞｹｰｷ,0,0,1080,3,0,0,1,"ピア4、東京食賓館3、スマイルトーキョー、東京食賓館B,東京食賓館A"
ﾁｰｽﾞｹｰｷ,資生堂ﾊﾟｰﾗｰ,ﾁｰｽﾞｹｰｷ,0,0,2160,6,0,0,1,"ピア4、東京食賓館3、スマイルトーキョー、東京食賓館B,東京食賓館A"
花椿ﾋﾞｽｹｯﾄ,資生堂ﾊﾟｰﾗｰ,花椿ﾋﾞｽｹｯﾄ,0,0,1998,24,0,1,1,ピア4、東京食賓館3、スマイルトーキョー
羽田ﾗ・ｶﾞﾅｯｼｭ,資生堂ﾊﾟｰﾗｰ,羽田ﾗ・ｶﾞﾅｯｼｭ,1,1,675,6,0,1,1,"ピア4、東京食賓館3、スマイルトーキョー、東京食賓館B,東京食賓館A"
羽田ﾗ・ｶﾞﾅｯｼｭ,資生堂ﾊﾟｰﾗｰ,羽田ﾗ・ｶﾞﾅｯｼｭ,1,1,1242,12,0,1,1,"ピア4、東京食賓館3、スマイルトーキョー、東京食賓館B,東京食賓館A"
羽田ﾗ・ｶﾞﾅｯｼｭ,資生堂ﾊﾟｰﾗｰ,羽田ﾗ・ｶﾞﾅｯｼｭ,1,1,1836,18,0,1,1,"ピア4、東京食賓館3、スマイルトーキョー、東京食賓館B,東京食賓館A"
治一郎,治一郎,バームクーヘン,0,0,0,0,0,0,0,-
治一郎のﾊﾞｳﾑｸｰﾍﾝ,治一郎,バームクーヘン,0,0,1380,1,0,1,1,"ピア１、ピア４、スマイルトーキョー、東京食賓館B,東京食賓館A"
治一郎のﾊﾞｳﾑｸｰﾍﾝ,治一郎,バームクーヘン,0,0,2400,1,0,1,1,"ピア１、ピア４、スマイルトーキョー、東京食賓館B,東京食賓館A"
新宿中村屋,新宿中村屋,ｶﾘｰあられ,0,0,0,0,0,0,0,-
ｶﾘｰあられ,新宿中村屋,ｶﾘｰあられ,0,0,601,8,0,1,0,ピア１、ピア４、スマイルトーキョー、東京食賓館A
ｶﾘｰあられ,新宿中村屋,ｶﾘｰあられ,0,0,1080,14,0,1,1,ピア１、ピア４、スマイルトーキョー、東京食賓館A
東京月餅,新宿中村屋,ｶﾘｰあられ,0,1,1383,8,0,1,1,ピア４、東京食賓館B
清月堂本店,清月堂本店,おとし文,0,0,0,0,0,0,0,-
おとし文,清月堂本店,おとし文,0,0,1664,8,0,0,1,ピア４、スマイルトーキョー
千疋屋総本店,千疋屋総本店,,0,0,0,0,0,0,0,東京食賓館３、金の翼
西光亭,西光亭,くるみのｸｯｷｰ,0,0,0,0,0,0,0,-
くるみのｸｯｷｰ,西光亭,くるみのｸｯｷｰ,0,0,1296,12,0,1,1,ピア１、ピア４、スマイルトーキョー、東京食賓館A
東京玉子本舗,東京玉子本舗,東京たまご　ごまたまご,0,0,0,0,0,0,0,-
たまや,東京玉子本舗,東京たまご　ごまたまご,0,0,0,0,0,0,0,-
東京たまご　ごまたまご,東京玉子本舗,東京たまご　ごまたまご,0,0,2106,18,1,1,1,ピア１、ピア４、和菓子館、スマイルトーキョー、東京食賓館A、東京食賓館B
東京たまご　ごまたまご,東京玉子本舗,東京たまご　ごまたまご,0,0,950,8,1,1,1,ピア１、ピア４、和菓子館、スマイルトーキョー、東京食賓館A、東京食賓館B
東京たまご　ごまたまご,東京玉子本舗,東京たまご　ごまたまご,0,0,1404,12,1,1,1,ピア１、ピア４、和菓子館、スマイルトーキョー、東京食賓館A、東京食賓館B
N.Y.ｷｬﾗﾒﾙｻﾝﾄﾞ,たまや,N.Y.ｷｬﾗﾒﾙｻﾝﾄﾞ,0,0,648,4,0,1,0,東京食賓館３、東京食賓館B
N.Y.ｷｬﾗﾒﾙｻﾝﾄﾞ,たまや,N.Y.ｷｬﾗﾒﾙｻﾝﾄﾞ,0,0,1296,8,0,1,1,東京食賓館３、東京食賓館B
N.Y.ｷｬﾗﾒﾙｻﾝﾄﾞ,たまや,N.Y.ｷｬﾗﾒﾙｻﾝﾄﾞ,0,0,1944,12,0,1,1,東京食賓館３、東京食賓館B
ニューヨークキャラメルサンド,たまや,N.Y.ｷｬﾗﾒﾙｻﾝﾄﾞ,0,0,648,4,0,1,1,東京食賓館３、東京食賓館B
ニューヨークキャラメルサンド,たまや,N.Y.ｷｬﾗﾒﾙｻﾝﾄﾞ,0,0,1296,8,0,1,1,東京食賓館３、東京食賓館B
ニューヨークキャラメルサンド,たまや,N.Y.ｷｬﾗﾒﾙｻﾝﾄﾞ,0,0,1944,12,0,1,1,東京食賓館３、東京食賓館B
築地ちとせ,築地ちとせ,天ぷらせんべい,0,0,0,0,0,0,0,-
天ぷらせんべい,築地ちとせ,天ぷらせんべい,0,0,1306,12,0,1,1,スマイルトーキョー
東京ﾐﾙｸﾁｰｽﾞ工場,東京ﾐﾙｸﾁｰｽﾞ工場,ｿﾙﾄ&ｶﾏﾝﾍﾞｰﾙｸｯｷ,0,0,,,0,1,1,洋菓子館、東京食賓館B
ｿﾙﾄ&ｶﾏﾝﾍﾞｰﾙｸｯｷ,東京ﾐﾙｸﾁｰｽﾞ工場,ｿﾙﾄ&ｶﾏﾝﾍﾞｰﾙｸｯｷ,0,0,1080,10,0,1,1,洋菓子館、東京食賓館B
ｿﾙﾄ&ｶﾏﾝﾍﾞｰﾙｸｯｷ,東京ﾐﾙｸﾁｰｽﾞ工場,ｿﾙﾄ&ｶﾏﾝﾍﾞｰﾙｸｯｷ,0,0,2160,20,0,1,1,洋菓子館、東京食賓館B
常盤堂雷おこし本舗,常盤堂雷おこし本舗,かみなりおこし、人形焼き,0,0,0,0,0,0,0,-
かみなりおこし,常盤堂雷おこし本舗,かみなりおこし,0,0,1296,32,0,1,1,"ピア１、ピア４、スマイルトーキョー、東京食賓館B,東京食賓館A"
かみなりおこし,常盤堂雷おこし本舗,かみなりおこし,0,0,648,16,0,1,1,"ピア１、ピア４、スマイルトーキョー、東京食賓館B,東京食賓館A"
人形焼き,常盤堂雷おこし本舗,人形焼き,0,0,864,8,0,1,1,"ピア１、ピア４、スマイルトーキョー、東京食賓館B,東京食賓館A"
豊島屋,豊島屋,鳩ｻﾌﾞﾚｰ,0,0,0,0,0,0,0,-
鳩ｻﾌﾞﾚｰ,豊島屋,鳩ｻﾌﾞﾚｰ,0,0,1080,8,1,1,1,ピア１、ピア４、和菓子館、スマイルトーキョー、東京食賓館B
鳩ｻﾌﾞﾚｰ,豊島屋,鳩ｻﾌﾞﾚｰ,0,0,540,4,1,1,1,ピア１、ピア４、和菓子館、スマイルトーキョー、東京食賓館B
鳩ｻﾌﾞﾚｰ,豊島屋,鳩ｻﾌﾞﾚｰ,0,0,5400,44,1,1,1,ピア１、ピア４、和菓子館、スマイルトーキョー、東京食賓館B
鳩ｻﾌﾞﾚｰ,豊島屋,鳩ｻﾌﾞﾚｰ,0,0,3240,25,1,1,1,ピア１、ピア４、和菓子館、スマイルトーキョー、東京食賓館B
虎屋,虎屋,小形羊羹、最中,0,0,0,0,0,0,0,-
小形羊羹,虎屋,小形羊羹,0,0,2160,7,1,1,1,和菓子館、金の翼、ピア１、ピア４、東京食賓館A
小形羊羹,虎屋,小形羊羹,0,0,3240,10,1,1,1,和菓子館、金の翼、ピア１、ピア４、東京食賓館A
小形羊羹,虎屋,小形羊羹,0,0,4320,14,1,1,1,和菓子館、金の翼、ピア１、ピア４、東京食賓館A
最中,虎屋,最中,0,0,1620,6,1,1,1,和菓子館、金の翼、ピア１、ピア４、東京食賓館A
最中,虎屋,最中,0,0,2484,9,1,1,1,和菓子館、金の翼、ピア１、ピア４、東京食賓館A
東京ひよ子,東京ひよ子,ひよ子,0,0,0,0,0,0,0,-
ひよ子,東京ひよ子,ひよ子,0,0,1005,6,1,1,1,"ピア１、ピア４、スマイルトーキョー、東京食賓館B,東京食賓館A"
ひよ子,東京ひよ子,ひよ子,0,0,1620,10,1,1,1,"ピア１、ピア４、スマイルトーキョー、東京食賓館B,東京食賓館A"
ひよ子,東京ひよ子,ひよ子,0,0,1912,12,1,1,1,"ピア１、ピア４、スマイルトーキョー、東京食賓館B,東京食賓館A"
ひよ子,東京ひよ子,ひよ子,0,0,1140,7,1,1,1,"ピア１、ピア４、スマイルトーキョー、東京食賓館B,東京食賓館A"
梅月堂,梅月堂,ﾗﾑﾄﾞﾗ,0,0,0,0,0,0,0,-
ﾗﾑﾄﾞﾗ,梅月堂,ﾗﾑﾄﾞﾗ,0,0,2484,6,0,0,1,"ピア１、ピア４、スマイルトーキョー、東京食賓館B,東京食賓館A"
ﾗﾑﾄﾞﾗ,梅月堂,ﾗﾑﾄﾞﾗ,0,0,1296,3,0,0,1,"ピア１、ピア４、スマイルトーキョー、東京食賓館B,東京食賓館A"
坂角総本舗,坂角総本舗,さくさく日記,0,0,0,0,0,0,0,-
さくさく日記,坂角総本舗,さくさく日記,0,0,1080,10,0,1,1,和菓子館
さくさく日記,坂角総本舗,さくさく日記,0,0,648,6,0,1,1,和菓子館
ゆかり,坂角総本舗,ゆかり,0,0,691,8,0,1,1,和菓子館
ゆかり,坂角総本舗,ゆかり,0,0,1080,12,1,1,1,和菓子館
ゆかり,坂角総本舗,ゆかり,0,0,1620,18,1,1,1,和菓子館
ﾊﾞﾀｰﾊﾞﾄﾗｰ,ﾊﾞﾀｰﾊﾞﾄﾗｰ,ﾊﾞﾀｰﾌｨﾅﾝｼｪ,0,0,0,0,0,0,0,-
ﾊﾞﾀｰﾌｨﾅﾝｼｪ,ﾊﾞﾀｰﾊﾞﾄﾗｰ,ﾊﾞﾀｰﾌｨﾅﾝｼｪ,0,0,864,4,0,1,1,スマイルトーキョー
ﾊﾞﾀｰﾌｨﾅﾝｼｪ,ﾊﾞﾀｰﾊﾞﾄﾗｰ,ﾊﾞﾀｰﾌｨﾅﾝｼｪ,0,0,1620,8,0,1,1,スマイルトーキョー
広尾瓢月堂,広尾瓢月堂,六瓢息災,0,0,0,0,0,0,0,-
六瓢息災,広尾瓢月堂,六瓢息災,0,0,2332,12,0,1,1,東京食賓館３、スマイルトーキョー
六瓢息災,広尾瓢月堂,六瓢息災,0,0,3888,20,0,1,1,東京食賓館３、スマイルトーキョー
舟和本店,舟和本店,あんこ玉、芋ようかん,0,0,0,0,0,0,0,-
あんこ玉,舟和本店,あんこ玉,0,1,1555,16,0,0,0,東京食賓館３、東京食賓館B
芋ようかん,舟和本店,芋ようかん,0,1,864,5,0,0,0,東京食賓館３、東京食賓館B
芋ようかん,舟和本店,芋ようかん,0,1,1382,8,0,0,0,東京食賓館３、東京食賓館B
芋ようかん,舟和本店,芋ようかん,0,1,1728,10,0,0,0,東京食賓館３、東京食賓館B
福砂屋,福砂屋,ｵﾗﾝﾀﾞｹｰｷ、ｶｽﾃﾗ,0,0,0,0,0,0,0,-
ｵﾗﾝﾀﾞｹｰｷ,福砂屋,ｵﾗﾝﾀﾞｹｰｷ,0,0,2079,1,0,1,1,東京食賓館３、スマイルトーキョー
福砂屋のｶｽﾃﾗ,福砂屋,カステラ,0,0,2079,1,1,1,1,東京食賓館３、スマイルトーキョー
文明堂東京,文明堂東京,カステラ巻、月三笠、カステラ,0,0,0,0,0,0,0,-
ｶｽﾃﾗ巻,文明堂東京,ｶｽﾃﾗ巻,0,0,1512,10,1,1,1,"ピア１、ピア４、スマイルトーキョー、東京食賓館B,東京食賓館A"
月三笠,文明堂東京,月三笠,0,0,864,5,1,1,1,"ピア１、ピア４、スマイルトーキョー、東京食賓館B,東京食賓館A"
月三笠,文明堂東京,月三笠,0,0,1382,8,1,1,1,"ピア１、ピア４、スマイルトーキョー、東京食賓館B,東京食賓館A"
文明堂のカステラ,文明堂東京,カステラ,0,0,1350,1,1,1,1,"ピア１、ピア４、スマイルトーキョー、東京食賓館B,東京食賓館A"
ﾍﾞﾙﾝ,ﾍﾞﾙﾝ,ジョリクール、ミルフィユ,0,0,0,0,0,0,0,-
ｼﾞｮﾘｸｰﾙ,ﾍﾞﾙﾝ,ｼﾞｮﾘｸｰﾙ,0,0,1080,8,0,1,1,"ピア１、ピア４、洋菓子館、スマイルトーキョー、東京食賓館B,東京食賓館A"
ｼﾞｮﾘｸｰﾙ,ﾍﾞﾙﾝ,ｼﾞｮﾘｸｰﾙ,0,0,1620,12,0,1,1,"ピア１、ピア４、洋菓子館、スマイルトーキョー、東京食賓館B,東京食賓館A"
ﾍﾞﾙﾝのﾐﾙﾌｨﾕ,ﾍﾞﾙﾝ,ﾐﾙﾌｨﾕ,0,0,2160,18,0,1,1,"ピア１、ピア４、洋菓子館、スマイルトーキョー、東京食賓館B,東京食賓館A"
ﾍﾞﾙﾝのﾐﾙﾌｨﾕ,ﾍﾞﾙﾝ,ﾐﾙﾌｨﾕ,0,0,3240,28,0,1,1,"ピア１、ピア４、洋菓子館、スマイルトーキョー、東京食賓館B,東京食賓館A"
ﾍﾞﾙﾝのﾐﾙﾌｨﾕ,ﾍﾞﾙﾝ,ﾐﾙﾌｨﾕ,0,0,1080,9,0,1,1,"ピア１、ピア４、洋菓子館、スマイルトーキョー、東京食賓館B,東京食賓館A"
松崎煎餅,松崎煎餅,米つぶ煎餅,0,0,0,0,0,0,0,-
米つぶ煎餅,松崎煎餅,米つぶ煎餅,1,1,2592,36,0,1,1,ピア１、ピア４、スマイルトーキョー、東京食賓館A
米つぶ煎餅,松崎煎餅,米つぶ煎餅,1,1,864,8,0,1,1,ピア１、ピア４、スマイルトーキョー、東京食賓館A
三本ｺｰﾋｰ,三本ｺｰﾋｰ,ｶﾌｪｼｮｺﾗｳｨｯﾁ、鼓かさね、翼もなか,0,0,0,0,0,0,0,-
ｶﾌｪｼｮｺﾗｳｨｯﾁ,三本ｺｰﾋｰ,ｶﾌｪｼｮｺﾗｳｨｯﾁ,1,1,1360,6,0,1,1,ピア１、ピア４、スマイルトーキョー、東京食賓館A
鼓かさね,三本ｺｰﾋｰ,鼓かさね,1,1,1144,6,0,1,1,ピア１、ピア４、スマイルトーキョー、東京食賓館A
翼もなか,三本ｺｰﾋｰ,翼もなか,1,1,1144,6,0,1,1,ピア１、ピア４、スマイルトーキョー、東京食賓館A
ﾒｰﾌﾟﾙﾏﾆｱ,ﾒｰﾌﾟﾙﾏﾆｱ,ﾒｰﾌﾟﾙﾊﾞﾀｰｸｯｷ-、メープルフィナンシェ,0,0,2268,10,0,1,1,東京食賓館B
ﾒｰﾌﾟﾙﾊﾞﾀｰｸｯｷ-,ﾒｰﾌﾟﾙﾏﾆｱ,ﾒｰﾌﾟﾙﾊﾞﾀｰｸｯｷ-,0,0,1998,18,0,1,1,東京食賓館B
ﾒｰﾌﾟﾙﾊﾞﾀｰｸｯｷ-,ﾒｰﾌﾟﾙﾏﾆｱ,ﾒｰﾌﾟﾙﾊﾞﾀｰｸｯｷ-,0,0,3456,32,0,1,1,東京食賓館B
メープルフィナンシェ,ﾒｰﾌﾟﾙﾏﾆｱ,メープルフィナンシェ,0,0,1188,6,0,1,1,東京食賓館B
メープルフィナンシェ,ﾒｰﾌﾟﾙﾏﾆｱ,メープルフィナンシェ,0,0,2322,12,0,1,1,東京食賓館B
ﾕｰﾊｲﾑ,ﾕｰﾊｲﾑ,ﾎｰﾆｯﾋｱｯﾌｪﾙﾊﾞｳﾑ,0,0,0,0,0,0,0,-
ﾎｰﾆｯﾋｱｯﾌｪﾙﾊﾞｳﾑ,ﾕｰﾊｲﾑ,ﾎｰﾆｯﾋｱｯﾌｪﾙﾊﾞｳﾑ,1,1,1728,1,0,1,1,洋菓子館、フードプラザ
洋菓子舗ｳｴｽﾄ,洋菓子舗ｳｴｽﾄ,ｳﾞｨｸﾄﾘｱ、ﾘｰﾌﾊﾟｲ,0,0,0,0,0,0,0,-
ｳﾞｨｸﾄﾘｱ,洋菓子舗ｳｴｽﾄ,ｳﾞｨｸﾄﾘｱ,0,0,1944,8,0,1,1,洋菓子館、東京食賓館B、ピア１、ピア４
ﾘｰﾌﾊﾟｲ,洋菓子舗ｳｴｽﾄ,ﾘｰﾌﾊﾟｲ,0,0,1512,8,0,1,1,洋菓子館、東京食賓館B、ピア１、ピア４
ﾘｰﾌﾊﾟｲ,洋菓子舗ｳｴｽﾄ,ﾘｰﾌﾊﾟｲ,0,0,1944,12,0,1,1,洋菓子館、東京食賓館B、ピア１、ピア４
ﾘｰﾌﾊﾟｲ,洋菓子舗ｳｴｽﾄ,ﾘｰﾌﾊﾟｲ,0,0,2700,17,0,1,1,洋菓子館、東京食賓館B、ピア１、ピア４
ﾘｰﾌﾊﾟｲ,洋菓子舗ｳｴｽﾄ,ﾘｰﾌﾊﾟｲ,0,0,3456,22,0,1,1,洋菓子館、東京食賓館B、ピア１、ピア４
ﾖｯｸﾓｯｸ,ﾖｯｸﾓｯｸ,ｼｶﾞｰﾙ,0,0,0,0,0,0,0,-
ｼｶﾞｰﾙ,ﾖｯｸﾓｯｸ,ｼｶﾞｰﾙ,0,0,1080,14,0,1,1,洋菓子館、ピア１、ピア４、東京食賓館A
ｼｶﾞｰﾙ,ﾖｯｸﾓｯｸ,ｼｶﾞｰﾙ,0,0,1620,20,0,1,1,洋菓子館、ピア１、ピア４、東京食賓館A
ｼｶﾞｰﾙ,ﾖｯｸﾓｯｸ,ｼｶﾞｰﾙ,0,0,3564,48,0,1,1,洋菓子館、ピア１、ピア４、東京食賓館A
ラ・メゾン白金,ラ・メゾン白金,ﾍﾞｲｸﾄﾞｼｮｺﾗ,0,0,0,0,0,0,0,-
ﾍﾞｲｸﾄﾞｼｮｺﾗ,ラ・メゾン白金,ﾍﾞｲｸﾄﾞｼｮｺﾗ,1,1,1188,6,0,1,1,ピア１、ピア４、スマイルトーキョー、東京食賓館A
ﾍﾞｲｸﾄﾞｼｮｺﾗ,ラ・メゾン白金,ﾍﾞｲｸﾄﾞｼｮｺﾗ,1,1,2376,12,0,1,1,ピア１、ピア４、スマイルトーキョー、東京食賓館A
ﾍﾞｲｸﾄﾞｼｮｺﾗ,ラ・メゾン白金,ﾍﾞｲｸﾄﾞｼｮｺﾗ,1,1,594,3,0,1,1,ピア１、ピア４、スマイルトーキョー、東京食賓館A
獺祭,獺祭,,0,0,5500,1,0,0,1,ピア１、ピア４、東京食賓館A
東京ばな奈,グレープストーン,東京ばな奈,0,1,1188,8,0,1,1,ピア１、ピア４、洋菓子館、スマイルトーキョー、東京食賓館A、東京食賓館B
東京ばな奈,グレープストーン,東京ばな奈,0,1,1782,12,0,1,1,ピア１、ピア４、洋菓子館、スマイルトーキョー、東京食賓館A、東京食賓館B
東京ばな奈,グレープストーン,東京ばな奈,0,1,615,4,0,1,1,ピア１、ピア４、洋菓子館、スマイルトーキョー、東京食賓館A、東京食賓館B
空とぶ東京ばな奈くまッス。はちみつバナナ味、「見ぃつけたっ」,グレープストーン,空とぶ東京ばな奈くまッス。はちみつバナナ味、「見ぃつけたっ」,1,1,1188,8,0,1,1,ピア１、ピア４、洋菓子館、スマイルトーキョー、東京食賓館A、東京食賓館B
空とぶ東京ばな奈くまッス。はちみつバナナ味、「見ぃつけたっ」,グレープストーン,空とぶ東京ばな奈くまッス。はちみつバナナ味、「見ぃつけたっ」,1,1,1782,12,0,1,1,ピア１、ピア４、洋菓子館、スマイルトーキョー、東京食賓館A、東京食賓館B
空とぶ東京ばな奈くまッス。はちみつバナナ味、「見ぃつけたっ」,グレープストーン,空とぶ東京ばな奈くまッス。はちみつバナナ味、「見ぃつけたっ」,1,1,615,4,0,1,1,ピア１、ピア４、洋菓子館、スマイルトーキョー、東京食賓館A、東京食賓館B